{"stats":{"minecraft:used":{"minecraft:sand":9,"minecraft:mutton":3},"minecraft:killed_by":{"minecraft:skeleton":2,"minecraft:creeper":1},"minecraft:custom":{"minecraft:time_since_rest":1110,"minecraft:sprint_one_cm":33731,"minecraft:damage_taken":1450,"minecraft:walk_one_cm":24430,"minecraft:mob_kills":2,"minecraft:drop":42,"minecraft:damage_dealt":362,"minecraft:swim_one_cm":610,"minecraft:fly_one_cm":51434,"minecraft:player_kills":1,"minecraft:crouch_one_cm":288,"minecraft:play_time":12473,"minecraft:walk_under_water_one_cm":208,"minecraft:deaths":4,"minecraft:sneak_time":130,"minecraft:jump":442,"minecraft:time_since_death":1082,"minecraft:walk_on_water_one_cm":447,"minecraft:total_world_time":12473,"minecraft:climb_one_cm":1068,"minecraft:fall_one_cm":12804},"minecraft:crafted":{"minecraft:crafting_table":1,"minecraft:jungle_planks":4},"minecraft:mined":{"minecraft:grass":9,"minecraft:grass_block":1,"minecraft:oak_log":9,"minecraft:cocoa":1,"minecraft:jungle_log":1,"minecraft:dead_bush":8},"minecraft:dropped":{"minecraft:oak_log":5,"minecraft:jungle_log":1,"minecraft:sand":1,"minecraft:white_wool":2,"minecraft:stick":33},"minecraft:picked_up":{"minecraft:cocoa_beans":3,"minecraft:stick":42,"minecraft:sandstone":8,"minecraft:jungle_log":2,"minecraft:brown_terracotta":3,"minecraft:sand":41,"minecraft:oak_log":9,"minecraft:dirt":1,"minecraft:mutton":3,"minecraft:white_wool":2},"minecraft:killed":{"minecraft:sheep":2}},"DataVersion":3465}