{"stats":{"minecraft:used":{"minecraft:oak_log":1,"minecraft:brown_terracotta":3,"minecraft:sandstone":8,"minecraft:dirt":1,"minecraft:sand":10,"minecraft:mutton":3,"minecraft:crafting_table":1,"minecraft:white_bed":1,"minecraft:egg":2},"minecraft:killed_by":{"minecraft:player":1,"minecraft:skeleton":2,"minecraft:creeper":1},"minecraft:custom":{"minecraft:time_since_rest":1964,"minecraft:sprint_one_cm":48164,"minecraft:damage_taken":1780,"minecraft:walk_one_cm":35504,"minecraft:mob_kills":2,"minecraft:drop":42,"minecraft:damage_dealt":712,"minecraft:swim_one_cm":7319,"minecraft:interact_with_crafting_table":7,"minecraft:fly_one_cm":59973,"minecraft:player_kills":2,"minecraft:crouch_one_cm":1368,"minecraft:play_time":24473,"minecraft:walk_under_water_one_cm":444,"minecraft:deaths":5,"minecraft:sneak_time":1129,"minecraft:jump":709,"minecraft:time_since_death":1918,"minecraft:walk_on_water_one_cm":2157,"minecraft:sleep_in_bed":1,"minecraft:total_world_time":24473,"minecraft:climb_one_cm":1068,"minecraft:fall_one_cm":18671},"minecraft:crafted":{"minecraft:oak_planks":4,"minecraft:crafting_table":1,"minecraft:wooden_axe":1,"minecraft:jungle_planks":4},"minecraft:dropped":{"minecraft:oak_log":5,"minecraft:jungle_log":1,"minecraft:sand":1,"minecraft:white_wool":2,"minecraft:stick":33},"minecraft:mined":{"minecraft:white_bed":1,"minecraft:birch_leaves":1,"minecraft:crafting_table":1,"minecraft:grass":9,"minecraft:grass_block":1,"minecraft:oak_log":9,"minecraft:cocoa":1,"minecraft:jungle_log":1,"minecraft:dead_bush":8,"minecraft:sand":1,"minecraft:dirt":3,"minecraft:tall_grass":1},"minecraft:picked_up":{"minecraft:cocoa_beans":3,"minecraft:stick":42,"minecraft:crafting_table":1,"minecraft:sandstone":8,"minecraft:jungle_log":2,"minecraft:brown_terracotta":3,"minecraft:torch":2,"minecraft:sand":42,"minecraft:oak_log":9,"minecraft:white_bed":1,"minecraft:dirt":4,"minecraft:wheat_seeds":1,"minecraft:mutton":3,"minecraft:white_wool":2,"minecraft:egg":2},"minecraft:killed":{"minecraft:sheep":2}},"DataVersion":3465}