{"stats":{"minecraft:used":{"minecraft:stone_pickaxe":50,"minecraft:wooden_pickaxe":42,"minecraft:torch":2,"minecraft:stone_axe":16,"minecraft:cobblestone":7,"minecraft:dirt":5,"minecraft:sand":2,"minecraft:crafting_table":2,"minecraft:white_bed":1},"minecraft:killed_by":{"minecraft:player":3},"minecraft:custom":{"minecraft:time_since_rest":3953,"minecraft:sprint_one_cm":24601,"minecraft:damage_taken":1114,"minecraft:walk_one_cm":10097,"minecraft:mob_kills":3,"minecraft:drop":7,"minecraft:damage_dealt":1402,"minecraft:player_kills":3,"minecraft:interact_with_crafting_table":4,"minecraft:fly_one_cm":54483,"minecraft:crouch_one_cm":12574,"minecraft:play_time":25530,"minecraft:deaths":4,"minecraft:sneak_time":14492,"minecraft:jump":526,"minecraft:leave_game":1,"minecraft:walk_on_water_one_cm":1400,"minecraft:time_since_death":3927,"minecraft:sleep_in_bed":1,"minecraft:climb_one_cm":458,"minecraft:total_world_time":25530,"minecraft:fall_one_cm":19208},"minecraft:crafted":{"minecraft:oak_planks":24,"minecraft:crafting_table":1,"minecraft:stick":8,"minecraft:wooden_pickaxe":1,"minecraft:stone_pickaxe":1,"minecraft:white_bed":1,"minecraft:torch":4,"minecraft:stone_axe":1,"minecraft:jungle_planks":12},"minecraft:mined":{"minecraft:torch":2,"minecraft:crafting_table":1,"minecraft:grass":7,"minecraft:grass_block":4,"minecraft:oak_log":1,"minecraft:coal_ore":47,"minecraft:vine":1,"minecraft:jungle_log":3,"minecraft:dead_bush":2,"minecraft:dirt":2,"minecraft:sand":3,"minecraft:tall_grass":1,"minecraft:cobblestone":2,"minecraft:stone":42},"minecraft:dropped":{"minecraft:torch":6,"minecraft:wooden_pickaxe":1},"minecraft:picked_up":{"minecraft:stick":2,"minecraft:crafting_table":1,"minecraft:jungle_log":3,"minecraft:torch":6,"minecraft:sand":2,"minecraft:oak_log":6,"minecraft:gunpowder":1,"minecraft:dirt":6,"minecraft:rotten_flesh":2,"minecraft:mutton":2,"minecraft:coal":47,"minecraft:white_wool":3,"minecraft:cobblestone":44},"minecraft:killed":{"minecraft:sheep":1,"minecraft:husk":1,"minecraft:creeper":1}},"DataVersion":3465}