{"stats":{"minecraft:used":{"minecraft:stone_pickaxe":46,"minecraft:wooden_pickaxe":42,"minecraft:stone_axe":5,"minecraft:sand":2,"minecraft:crafting_table":1},"minecraft:killed_by":{"minecraft:player":1},"minecraft:custom":{"minecraft:time_since_rest":6695,"minecraft:sprint_one_cm":10218,"minecraft:damage_taken":424,"minecraft:walk_one_cm":4241,"minecraft:mob_kills":3,"minecraft:drop":1,"minecraft:damage_dealt":695,"minecraft:interact_with_crafting_table":2,"minecraft:fly_one_cm":28171,"minecraft:crouch_one_cm":10463,"minecraft:play_time":8909,"minecraft:deaths":1,"minecraft:sneak_time":3814,"minecraft:jump":231,"minecraft:time_since_death":6673,"minecraft:total_world_time":8909,"minecraft:fall_one_cm":7581},"minecraft:crafted":{"minecraft:oak_planks":8,"minecraft:crafting_table":1,"minecraft:stick":8,"minecraft:wooden_pickaxe":1,"minecraft:stone_pickaxe":1,"minecraft:torch":4,"minecraft:stone_axe":1,"minecraft:jungle_planks":12},"minecraft:dropped":{"minecraft:wooden_pickaxe":1},"minecraft:mined":{"minecraft:crafting_table":1,"minecraft:grass":1,"minecraft:grass_block":1,"minecraft:oak_log":1,"minecraft:coal_ore":47,"minecraft:vine":1,"minecraft:jungle_log":3,"minecraft:dead_bush":2,"minecraft:sand":3,"minecraft:stone":40},"minecraft:picked_up":{"minecraft:stick":2,"minecraft:crafting_table":1,"minecraft:jungle_log":3,"minecraft:sand":2,"minecraft:oak_log":6,"minecraft:gunpowder":1,"minecraft:dirt":1,"minecraft:rotten_flesh":2,"minecraft:mutton":2,"minecraft:coal":47,"minecraft:white_wool":3,"minecraft:cobblestone":40},"minecraft:killed":{"minecraft:sheep":1,"minecraft:husk":1,"minecraft:creeper":1}},"DataVersion":3465}